vtaxid,Genome Type,Virulence,Transmissibility,Tissue Tropism,Transmission Route
1032690,ssRNA(+/-),low level,no human-to-human,gastrointestinal,faecal-oral
1032691,ssRNA(+/-),low level,no human-to-human,gastrointestinal,faecal-oral
104580,dsRNA,low level,sustained human-to-human,gastrointestinal,faecal-oral
106966,ssRNA(+),low level,sustained human-to-human,gastrointestinal,faecal-oral
1074213,ssRNA(+),low level,sustained human-to-human,gastrointestinal,faecal-oral
1076281,ssRNA(-),high level,no human-to-human,viraemic,respiratory
1076282,ssRNA(-),high level,no human-to-human,viraemic,respiratory
1076283,ssRNA(-),high level,no human-to-human,viraemic,respiratory
1076284,ssRNA(-),high level,no human-to-human,viraemic,respiratory
1076285,ssRNA(-),high level,no human-to-human,viraemic,respiratory
1095764,ssRNA(+),low level,sustained human-to-human,gastrointestinal,faecal-oral
10970,dsRNA,high level,sustained human-to-human,viraemic,direct contact
1105379,ssRNA(+),low level,sustained human-to-human,gastrointestinal,faecal-oral
1112700,ssRNA(+),low level,sustained human-to-human,gastrointestinal,faecal-oral
1141625,ssRNA(+),low level,sustained human-to-human,gastrointestinal,faecal-oral
1156749,ssRNA(+),low level,sustained human-to-human,gastrointestinal,faecal-oral
11665,ssRNA-RT,low level,sustained human-to-human,gastrointestinal,faecal-oral
1181292,ssRNA(+),low level,sustained human-to-human,gastrointestinal,faecal-oral
1186059,ssRNA(+),low level,sustained human-to-human,gastrointestinal,faecal-oral
11901,ssRNA-RT,low level,sustained human-to-human,gastrointestinal,faecal-oral
1194163,ssRNA(+),low level,sustained human-to-human,gastrointestinal,faecal-oral
1194164,ssRNA(+),low level,sustained human-to-human,gastrointestinal,faecal-oral
1203029,ssRNA(+),low level,sustained human-to-human,gastrointestinal,faecal-oral
1221646,ssRNA(+),low level,sustained human-to-human,gastrointestinal,faecal-oral
1222038,ssRNA(+),low level,sustained human-to-human,gastrointestinal,faecal-oral
1222039,ssRNA(+),low level,sustained human-to-human,gastrointestinal,faecal-oral
1222040,ssRNA(+),low level,sustained human-to-human,gastrointestinal,faecal-oral
1222041,ssRNA(+),low level,sustained human-to-human,gastrointestinal,faecal-oral
1222042,ssRNA(+),low level,sustained human-to-human,gastrointestinal,faecal-oral
1222043,ssRNA(+),low level,sustained human-to-human,gastrointestinal,faecal-oral
1222044,ssRNA(+),low level,sustained human-to-human,gastrointestinal,faecal-oral
1222045,ssRNA(+),low level,sustained human-to-human,gastrointestinal,faecal-oral
1222046,ssRNA(+),low level,sustained human-to-human,gastrointestinal,faecal-oral
1222047,ssRNA(+),low level,sustained human-to-human,gastrointestinal,faecal-oral
1222048,ssRNA(+),low level,sustained human-to-human,gastrointestinal,faecal-oral
1222049,ssRNA(+),low level,sustained human-to-human,gastrointestinal,faecal-oral
1222050,ssRNA(+),low level,sustained human-to-human,gastrointestinal,faecal-oral
1222051,ssRNA(+),low level,sustained human-to-human,gastrointestinal,faecal-oral
12286,ssRNA(+),low level,sustained human-to-human,gastrointestinal,faecal-oral
1239438,ssRNA(+),low level,sustained human-to-human,gastrointestinal,faecal-oral
1239439,ssRNA(+),low level,sustained human-to-human,gastrointestinal,faecal-oral
1239567,ssRNA(+),high level,sustained human-to-human,gastrointestinal,faecal-oral
1239568,ssRNA(+),low level,sustained human-to-human,gastrointestinal,faecal-oral
1239569,ssRNA(+),low level,no human-to-human,gastrointestinal,faecal-oral
1244521,ssRNA(-),high level,no human-to-human,viraemic,respiratory
1244522,ssRNA(-),high level,no human-to-human,viraemic,respiratory
1244525,ssRNA(-),high level,no human-to-human,viraemic,respiratory
1254425,ssRNA(+),low level,sustained human-to-human,gastrointestinal,faecal-oral
1285463,ssRNA(-),low level,sustained human-to-human,gastrointestinal,faecal-oral
1293419,ssRNA(+),low level,sustained human-to-human,gastrointestinal,faecal-oral
1293420,ssRNA(+),low level,sustained human-to-human,gastrointestinal,faecal-oral
1312874,ssRNA(+),low level,sustained human-to-human,gastrointestinal,faecal-oral
1329782,ssRNA(+),low level,sustained human-to-human,gastrointestinal,faecal-oral
1330066,ssRNA(+),low level,sustained human-to-human,gastrointestinal,faecal-oral
1330068,ssRNA(+),low level,sustained human-to-human,gastrointestinal,faecal-oral
1330521,ssRNA(+),low level,sustained human-to-human,gastrointestinal,faecal-oral
1330993,ssRNA(+),low level,sustained human-to-human,gastrointestinal,faecal-oral
1402035,ssRNA(-),low level,sustained human-to-human,gastrointestinal,faecal-oral
1408279,ssRNA(-),low level,sustained human-to-human,gastrointestinal,faecal-oral
1417603,ssRNA(-),low level,sustained human-to-human,gastrointestinal,faecal-oral
1417604,ssRNA(-),low level,sustained human-to-human,gastrointestinal,faecal-oral
1417605,ssRNA(-),low level,sustained human-to-human,gastrointestinal,faecal-oral
1417606,ssRNA(-),low level,sustained human-to-human,gastrointestinal,faecal-oral
1417607,ssRNA(-),low level,sustained human-to-human,gastrointestinal,faecal-oral
1417608,ssRNA(-),low level,sustained human-to-human,gastrointestinal,faecal-oral
1417609,ssRNA(-),low level,sustained human-to-human,gastrointestinal,faecal-oral
1417610,ssRNA(-),low level,sustained human-to-human,gastrointestinal,faecal-oral
1417611,ssRNA(-),low level,sustained human-to-human,gastrointestinal,faecal-oral
1417612,ssRNA(-),low level,sustained human-to-human,gastrointestinal,faecal-oral
1417613,ssRNA(-),low level,sustained human-to-human,gastrointestinal,faecal-oral
1417614,ssRNA(-),low level,sustained human-to-human,gastrointestinal,faecal-oral
1417615,ssRNA(-),low level,sustained human-to-human,gastrointestinal,faecal-oral
1417616,ssRNA(-),low level,sustained human-to-human,gastrointestinal,faecal-oral
1417617,ssRNA(-),low level,sustained human-to-human,gastrointestinal,faecal-oral
1417618,ssRNA(-),low level,sustained human-to-human,gastrointestinal,faecal-oral
1417619,ssRNA(-),low level,sustained human-to-human,gastrointestinal,faecal-oral
1428481,ssRNA(+),low level,sustained human-to-human,gastrointestinal,faecal-oral
1432857,ssRNA(+),low level,sustained human-to-human,gastrointestinal,faecal-oral
1437125,ssRNA,low level,sustained human-to-human,gastrointestinal,faecal-oral
1521109,ssRNA(+),low level,sustained human-to-human,gastrointestinal,faecal-oral
1523264,ssRNA(+),low level,sustained human-to-human,gastrointestinal,faecal-oral
1523265,ssRNA(+),low level,sustained human-to-human,gastrointestinal,faecal-oral
1523266,ssRNA(+),low level,sustained human-to-human,gastrointestinal,faecal-oral
1523268,ssRNA(+),low level,sustained human-to-human,gastrointestinal,faecal-oral
1523273,ssRNA(+),low level,sustained human-to-human,gastrointestinal,faecal-oral
1523276,ssRNA(+),low level,sustained human-to-human,gastrointestinal,faecal-oral
1523277,ssRNA(+),low level,sustained human-to-human,gastrointestinal,faecal-oral
1523278,ssRNA(+),low level,sustained human-to-human,gastrointestinal,faecal-oral
1523281,ssRNA(+),low level,sustained human-to-human,gastrointestinal,faecal-oral
1523282,ssRNA(+),low level,sustained human-to-human,gastrointestinal,faecal-oral
1523285,ssRNA(+),low level,sustained human-to-human,gastrointestinal,faecal-oral
1523287,ssRNA(+),low level,sustained human-to-human,gastrointestinal,faecal-oral
1523288,ssRNA(+),low level,sustained human-to-human,gastrointestinal,faecal-oral
1523289,ssRNA(+),low level,sustained human-to-human,gastrointestinal,faecal-oral
1525176,dsRNA,low level,sustained human-to-human,gastrointestinal,faecal-oral
1525177,dsRNA,low level,sustained human-to-human,gastrointestinal,faecal-oral
1525178,dsRNA,low level,sustained human-to-human,gastrointestinal,faecal-oral
1525179,dsRNA,low level,sustained human-to-human,gastrointestinal,faecal-oral
1530251,ssRNA(+),low level,sustained human-to-human,gastrointestinal,faecal-oral
1569923,ssRNA(+),low level,sustained human-to-human,gastrointestinal,faecal-oral
1602211,ssRNA(+),low level,sustained human-to-human,gastrointestinal,faecal-oral
1608040,ssRNA(+/-),low level,sustained human-to-human,gastrointestinal,faecal-oral
1609130,ssRNA(+),low level,sustained human-to-human,gastrointestinal,faecal-oral
1609131,ssRNA(+),low level,sustained human-to-human,gastrointestinal,faecal-oral
1615798,ssRNA(-),low level,sustained human-to-human,gastrointestinal,faecal-oral
164250,ssRNA(-),low level,sustained human-to-human,gastrointestinal,faecal-oral
1678146,ssRNA(+),low level,sustained human-to-human,gastrointestinal,faecal-oral
1679172,dsRNA,low level,sustained human-to-human,gastrointestinal,faecal-oral
1714360,ssRNA(+),low level,sustained human-to-human,gastrointestinal,faecal-oral
1714361,ssRNA(+),low level,sustained human-to-human,gastrointestinal,faecal-oral
178530,ssRNA(+),low level,sustained human-to-human,gastrointestinal,faecal-oral
1803959,ssRNA(+),low level,sustained human-to-human,gastrointestinal,faecal-oral
1803961,ssRNA(+),low level,no human-to-human,gastrointestinal,faecal-oral
1884453,ssRNA(-),low level,no human-to-human,gastrointestinal,faecal-oral
1899067,ssRNA(+),low level,sustained human-to-human,gastrointestinal,faecal-oral
1899068,ssRNA(+),low level,sustained human-to-human,gastrointestinal,faecal-oral
1899069,ssRNA(+),low level,sustained human-to-human,gastrointestinal,faecal-oral
1899070,ssRNA(+),low level,sustained human-to-human,gastrointestinal,faecal-oral
1899071,ssRNA(+),low level,sustained human-to-human,gastrointestinal,faecal-oral
1899072,ssRNA(+),low level,sustained human-to-human,gastrointestinal,faecal-oral
1899073,ssRNA(+),low level,sustained human-to-human,gastrointestinal,faecal-oral
1899074,ssRNA(+),low level,sustained human-to-human,gastrointestinal,faecal-oral
1899075,ssRNA(+),low level,sustained human-to-human,gastrointestinal,faecal-oral
1899076,ssRNA(+),low level,sustained human-to-human,gastrointestinal,faecal-oral
1899077,ssRNA(+),low level,sustained human-to-human,gastrointestinal,faecal-oral
1899078,ssRNA(+),low level,sustained human-to-human,gastrointestinal,faecal-oral
1899079,ssRNA(+),low level,sustained human-to-human,gastrointestinal,faecal-oral
1899080,ssRNA(+),low level,sustained human-to-human,gastrointestinal,faecal-oral
1899081,ssRNA(+),low level,sustained human-to-human,gastrointestinal,faecal-oral
1899082,ssRNA(+),low level,sustained human-to-human,gastrointestinal,faecal-oral
1899083,ssRNA(+),low level,sustained human-to-human,gastrointestinal,faecal-oral
1899084,ssRNA(+),low level,sustained human-to-human,gastrointestinal,faecal-oral
1899085,ssRNA(+),low level,sustained human-to-human,gastrointestinal,faecal-oral
1899086,ssRNA(+),low level,sustained human-to-human,gastrointestinal,faecal-oral
1906931,dsRNA,high level,sustained human-to-human,gastrointestinal,vector
1907787,dsRNA,low level,sustained human-to-human,gastrointestinal,faecal-oral
1912147,ssRNA(+),low level,sustained human-to-human,gastrointestinal,faecal-oral
1914575,ssRNA(+),low level,sustained human-to-human,gastrointestinal,faecal-oral
1914576,ssRNA(+),low level,sustained human-to-human,gastrointestinal,faecal-oral
1933176,ssRNA(-),low level,sustained human-to-human,gastrointestinal,faecal-oral
1933263,ssRNA(-),low level,sustained human-to-human,gastrointestinal,faecal-oral
1972587,ssRNA(-),low level,sustained human-to-human,gastrointestinal,faecal-oral
1986118,ssRNA(+),low level,sustained human-to-human,gastrointestinal,faecal-oral
1987124,ssRNA(+),low level,sustained human-to-human,gastrointestinal,faecal-oral
2044876,ssRNA(+),low level,sustained human-to-human,gastrointestinal,faecal-oral
2053898,ssRNA(+),low level,sustained human-to-human,gastrointestinal,faecal-oral
2094719,ssRNA(+),low level,sustained human-to-human,gastrointestinal,faecal-oral
2169479,dsRNA,low level,sustained human-to-human,gastrointestinal,faecal-oral
2219046,ssRNA(+),low level,sustained human-to-human,gastrointestinal,faecal-oral
2219997,ssRNA(-),low level,sustained human-to-human,gastrointestinal,faecal-oral
2269360,ssRNA(+),low level,sustained human-to-human,gastrointestinal,faecal-oral
235406,ssRNA(+),low level,sustained human-to-human,gastrointestinal,faecal-oral
2364099,ssRNA(-),low level,sustained human-to-human,gastrointestinal,faecal-oral
2499678,ssRNA(+),low level,sustained human-to-human,gastrointestinal,faecal-oral
2501947,ssRNA(+),low level,sustained human-to-human,gastrointestinal,faecal-oral
2516502,ssRNA(+),low level,sustained human-to-human,gastrointestinal,faecal-oral
2602438,ssRNA(+),low level,sustained human-to-human,gastrointestinal,faecal-oral
2716315,ssRNA(+),low level,sustained human-to-human,gastrointestinal,faecal-oral
2831046,ssRNA(+),low level,sustained human-to-human,gastrointestinal,faecal-oral
2844304,ssRNA(-),low level,sustained human-to-human,gastrointestinal,faecal-oral
286540,ssRNA(-),high level,no human-to-human,viraemic,respiratory
2936928,dsRNA,low level,sustained human-to-human,gastrointestinal,faecal-oral
295016,dsRNA,low level,sustained human-to-human,gastrointestinal,faecal-oral
2994337,ssRNA(+),low level,sustained human-to-human,gastrointestinal,faecal-oral
3047346,ssRNA(+),low level,sustained human-to-human,gastrointestinal,faecal-oral
3047369,ssRNA(+),low level,sustained human-to-human,gastrointestinal,faecal-oral
3047370,ssRNA(+),low level,sustained human-to-human,gastrointestinal,faecal-oral
3047809,ssRNA(+),low level,sustained human-to-human,gastrointestinal,faecal-oral
3047952,ssRNA(+),low level,sustained human-to-human,gastrointestinal,faecal-oral
3048166,ssRNA(+),low level,sustained human-to-human,gastrointestinal,faecal-oral
3048206,ssRNA(+),low level,sustained human-to-human,gastrointestinal,faecal-oral
3048297,ssRNA(+),low level,sustained human-to-human,gastrointestinal,faecal-oral
3048318,ssRNA(+),low level,sustained human-to-human,gastrointestinal,faecal-oral
3048439,ssRNA(+),low level,sustained human-to-human,gastrointestinal,faecal-oral
3050329,ssRNA(-),low level,sustained human-to-human,gastrointestinal,faecal-oral
3052316,ssRNA(+/-),low level,sustained human-to-human,gastrointestinal,faecal-oral
3052329,ssRNA(+/-),low level,sustained human-to-human,gastrointestinal,faecal-oral
3052343,ssRNA(-),low level,sustained human-to-human,gastrointestinal,faecal-oral
3052370,ssRNA(-),low level,sustained human-to-human,gastrointestinal,faecal-oral
3052380,ssRNA(-),low level,sustained human-to-human,gastrointestinal,faecal-oral
3052393,ssRNA(-),low level,sustained human-to-human,gastrointestinal,faecal-oral
3052394,ssRNA(-),low level,sustained human-to-human,gastrointestinal,faecal-oral
3052400,ssRNA(-),low level,sustained human-to-human,gastrointestinal,faecal-oral
3052404,ssRNA(-),low level,no human-to-human,gastrointestinal,faecal-oral
3052421,ssRNA(-),low level,sustained human-to-human,gastrointestinal,faecal-oral
3052424,ssRNA(-),low level,sustained human-to-human,gastrointestinal,faecal-oral
3052441,ssRNA(-),low level,sustained human-to-human,gastrointestinal,faecal-oral
3052445,ssRNA(-),low level,no human-to-human,gastrointestinal,faecal-oral
3052457,ssRNA(-),low level,no human-to-human,gastrointestinal,faecal-oral
3052467,ssRNA(+),low level,sustained human-to-human,gastrointestinal,faecal-oral
3052492,ssRNA(-),low level,sustained human-to-human,gastrointestinal,faecal-oral
3052509,ssRNA(-),low level,sustained human-to-human,gastrointestinal,faecal-oral
3052521,ssRNA(-),low level,sustained human-to-human,gastrointestinal,faecal-oral
3052538,ssRNA(-),low level,sustained human-to-human,gastrointestinal,faecal-oral
3052616,ssRNA(+),low level,sustained human-to-human,gastrointestinal,faecal-oral
3052618,ssRNA(+),low level,sustained human-to-human,gastrointestinal,faecal-oral
3052620,ssRNA(+),low level,sustained human-to-human,gastrointestinal,faecal-oral
3052621,ssRNA(+),low level,sustained human-to-human,gastrointestinal,faecal-oral
3052625,ssRNA(+),low level,sustained human-to-human,gastrointestinal,vector
3052626,ssRNA(+),low level,sustained human-to-human,gastrointestinal,faecal-oral
3052637,ssRNA(+/-),low level,sustained human-to-human,gastrointestinal,faecal-oral
3052661,ssRNA(+/-),low level,sustained human-to-human,gastrointestinal,faecal-oral
3052809,ssRNA(+/-),low level,sustained human-to-human,gastrointestinal,faecal-oral
3052826,ssRNA(-),low level,no human-to-human,gastrointestinal,vector
3060496,ssRNA(-),low level,sustained human-to-human,gastrointestinal,faecal-oral
3060507,ssRNA(+),low level,sustained human-to-human,gastrointestinal,faecal-oral
308159,ssRNA(-),high level,no human-to-human,viraemic,faecal-oral
3158245,ssRNA(+),low level,sustained human-to-human,gastrointestinal,faecal-oral
336959,ssRNA(+),low level,sustained human-to-human,gastrointestinal,faecal-oral
348136,dsRNA,low level,sustained human-to-human,gastrointestinal,faecal-oral
37741,ssRNA(-),high level,no human-to-human,viraemic,direct contact
38016,ssRNA(-),low level,sustained human-to-human,gastrointestinal,faecal-oral
384335,ssRNA(+),low level,sustained human-to-human,gastrointestinal,faecal-oral
390157,ssRNA(+),low level,sustained human-to-human,gastrointestinal,faecal-oral
405554,ssRNA(+),low level,sustained human-to-human,gastrointestinal,faecal-oral
430511,ssRNA(-),high level,sustained human-to-human,gastrointestinal,faecal-oral
430911,ssRNA(+),low level,sustained human-to-human,gastrointestinal,faecal-oral
433731,ssRNA(+),low level,sustained human-to-human,gastrointestinal,faecal-oral
433732,ssRNA(+),low level,sustained human-to-human,gastrointestinal,faecal-oral
46920,ssRNA(-),high level,no human-to-human,viraemic,direct contact
47681,ssRNA(+),low level,sustained human-to-human,gastrointestinal,faecal-oral
481494,ssRNA(+),low level,sustained human-to-human,gastrointestinal,faecal-oral
481495,ssRNA(+),low level,sustained human-to-human,gastrointestinal,faecal-oral
481497,ssRNA(+),low level,sustained human-to-human,gastrointestinal,faecal-oral
481503,ssRNA(+),low level,sustained human-to-human,gastrointestinal,faecal-oral
481504,ssRNA(+),low level,sustained human-to-human,gastrointestinal,faecal-oral
481510,ssRNA(+),low level,sustained human-to-human,gastrointestinal,faecal-oral
481513,ssRNA(+),low level,sustained human-to-human,gastrointestinal,faecal-oral
496406,ssRNA(-),low level,sustained human-to-human,gastrointestinal,faecal-oral
496407,ssRNA(-),low level,sustained human-to-human,gastrointestinal,faecal-oral
496408,ssRNA(-),low level,sustained human-to-human,gastrointestinal,faecal-oral
496409,ssRNA(-),low level,sustained human-to-human,gastrointestinal,faecal-oral
497343,ssRNA(-),high level,no human-to-human,viraemic,direct contact
497344,ssRNA(-),high level,no human-to-human,viraemic,direct contact
497915,ssRNA(-),low level,sustained human-to-human,gastrointestinal,faecal-oral
537513,ssRNA(+),low level,sustained human-to-human,gastrointestinal,faecal-oral
537514,ssRNA(+),low level,sustained human-to-human,gastrointestinal,faecal-oral
537516,ssRNA(+),low level,sustained human-to-human,gastrointestinal,faecal-oral
537517,ssRNA(+),low level,sustained human-to-human,gastrointestinal,faecal-oral
537524,ssRNA(+),low level,sustained human-to-human,gastrointestinal,faecal-oral
537526,ssRNA(+),low level,sustained human-to-human,gastrointestinal,faecal-oral
537528,ssRNA(+),low level,sustained human-to-human,gastrointestinal,faecal-oral
537530,ssRNA(+),low level,sustained human-to-human,gastrointestinal,faecal-oral
537531,ssRNA(+),low level,sustained human-to-human,gastrointestinal,faecal-oral
537534,ssRNA(+),low level,sustained human-to-human,gastrointestinal,faecal-oral
537535,ssRNA(+),low level,sustained human-to-human,gastrointestinal,faecal-oral
537539,ssRNA(+),low level,no human-to-human,gastrointestinal,faecal-oral
537543,ssRNA(+),low level,sustained human-to-human,gastrointestinal,faecal-oral
537547,ssRNA(+),low level,sustained human-to-human,gastrointestinal,faecal-oral
537550,ssRNA(+),low level,sustained human-to-human,gastrointestinal,faecal-oral
537551,ssRNA(+),low level,sustained human-to-human,gastrointestinal,faecal-oral
537552,ssRNA(+),low level,sustained human-to-human,gastrointestinal,faecal-oral
537553,ssRNA(+),low level,sustained human-to-human,gastrointestinal,faecal-oral
537555,ssRNA(+),low level,sustained human-to-human,gastrointestinal,faecal-oral
537557,ssRNA(+),low level,sustained human-to-human,gastrointestinal,faecal-oral
537558,ssRNA(+),low level,sustained human-to-human,gastrointestinal,faecal-oral
537559,ssRNA(+),low level,sustained human-to-human,gastrointestinal,faecal-oral
537560,ssRNA(+),low level,sustained human-to-human,gastrointestinal,faecal-oral
537561,ssRNA(+),low level,sustained human-to-human,gastrointestinal,faecal-oral
537563,ssRNA(+),low level,sustained human-to-human,gastrointestinal,faecal-oral
537565,ssRNA(+),low level,no human-to-human,gastrointestinal,faecal-oral
537566,ssRNA(+),low level,sustained human-to-human,gastrointestinal,faecal-oral
537570,ssRNA(+),low level,sustained human-to-human,gastrointestinal,faecal-oral
537573,ssRNA(+),low level,sustained human-to-human,gastrointestinal,faecal-oral
537574,ssRNA(+),low level,sustained human-to-human,gastrointestinal,faecal-oral
537577,ssRNA(+),low level,sustained human-to-human,gastrointestinal,faecal-oral
537578,ssRNA(+),low level,sustained human-to-human,gastrointestinal,faecal-oral
537584,ssRNA(+),low level,sustained human-to-human,gastrointestinal,faecal-oral
537587,ssRNA(+),low level,sustained human-to-human,gastrointestinal,faecal-oral
537588,ssRNA(+),low level,sustained human-to-human,gastrointestinal,faecal-oral
537589,ssRNA(+),low level,sustained human-to-human,gastrointestinal,faecal-oral
537591,ssRNA(+),low level,sustained human-to-human,gastrointestinal,faecal-oral
546676,ssRNA(+),low level,sustained human-to-human,gastrointestinal,faecal-oral
546677,ssRNA(+),high level,sustained human-to-human,gastrointestinal,faecal-oral
546678,ssRNA(+),high level,sustained human-to-human,gastrointestinal,faecal-oral
546679,ssRNA(+),high level,sustained human-to-human,gastrointestinal,faecal-oral
546680,ssRNA(+),low level,sustained human-to-human,gastrointestinal,faecal-oral
546681,ssRNA(+),low level,sustained human-to-human,gastrointestinal,faecal-oral
546682,ssRNA(+),low level,sustained human-to-human,gastrointestinal,faecal-oral
546683,ssRNA(+),low level,sustained human-to-human,gastrointestinal,faecal-oral
546685,ssRNA(+),high level,sustained human-to-human,gastrointestinal,faecal-oral
546687,ssRNA(+),high level,sustained human-to-human,gastrointestinal,faecal-oral
546688,ssRNA(+),low level,sustained human-to-human,gastrointestinal,faecal-oral
546689,ssRNA(+),low level,sustained human-to-human,gastrointestinal,faecal-oral
546691,ssRNA(+),low level,sustained human-to-human,gastrointestinal,faecal-oral
546692,ssRNA(+),low level,sustained human-to-human,gastrointestinal,faecal-oral
546693,ssRNA(+),low level,sustained human-to-human,gastrointestinal,faecal-oral
546694,ssRNA(+),low level,sustained human-to-human,gastrointestinal,faecal-oral
546696,ssRNA(+),low level,sustained human-to-human,gastrointestinal,faecal-oral
546697,ssRNA(+),low level,sustained human-to-human,gastrointestinal,faecal-oral
546698,ssRNA(+),low level,sustained human-to-human,gastrointestinal,faecal-oral
546699,ssRNA(+),high level,sustained human-to-human,gastrointestinal,faecal-oral
546700,ssRNA(+),low level,sustained human-to-human,gastrointestinal,faecal-oral
546701,ssRNA(+),low level,sustained human-to-human,gastrointestinal,faecal-oral
546702,ssRNA(+),low level,sustained human-to-human,gastrointestinal,faecal-oral
546703,ssRNA(+),high level,sustained human-to-human,gastrointestinal,faecal-oral
546709,ssRNA(+),high level,sustained human-to-human,gastrointestinal,faecal-oral
546710,ssRNA(+),high level,sustained human-to-human,gastrointestinal,faecal-oral
546711,ssRNA(+),low level,sustained human-to-human,gastrointestinal,faecal-oral
546714,ssRNA(+),low level,sustained human-to-human,gastrointestinal,faecal-oral
546715,ssRNA(+),low level,sustained human-to-human,gastrointestinal,faecal-oral
546721,ssRNA(+),high level,sustained human-to-human,gastrointestinal,faecal-oral
546722,ssRNA(+),low level,sustained human-to-human,gastrointestinal,faecal-oral
546723,ssRNA(+),high level,sustained human-to-human,gastrointestinal,faecal-oral
546725,ssRNA(+),high level,sustained human-to-human,gastrointestinal,faecal-oral
546726,ssRNA(+),low level,sustained human-to-human,gastrointestinal,faecal-oral
546727,ssRNA(+),low level,sustained human-to-human,gastrointestinal,faecal-oral
546728,ssRNA(+),low level,sustained human-to-human,gastrointestinal,faecal-oral
546729,ssRNA(+),high level,sustained human-to-human,gastrointestinal,faecal-oral
56094,dsRNA,low level,sustained human-to-human,gastrointestinal,faecal-oral
57667,ssRNA-RT,low level,sustained human-to-human,gastrointestinal,faecal-oral
586421,ssRNA(+),low level,sustained human-to-human,gastrointestinal,faecal-oral
611726,ssRNA(+),low level,sustained human-to-human,gastrointestinal,faecal-oral
611728,ssRNA(+),low level,sustained human-to-human,gastrointestinal,faecal-oral
611730,ssRNA(+),low level,sustained human-to-human,gastrointestinal,faecal-oral
611734,ssRNA(+),low level,sustained human-to-human,gastrointestinal,faecal-oral
611737,ssRNA(+),low level,sustained human-to-human,gastrointestinal,faecal-oral
611738,ssRNA(+),low level,sustained human-to-human,gastrointestinal,faecal-oral
611739,ssRNA(+),low level,sustained human-to-human,gastrointestinal,faecal-oral
611740,ssRNA(+),low level,sustained human-to-human,gastrointestinal,faecal-oral
611741,ssRNA(+),low level,sustained human-to-human,gastrointestinal,faecal-oral
611757,ssRNA(+),low level,sustained human-to-human,gastrointestinal,faecal-oral
611758,ssRNA(+),low level,sustained human-to-human,gastrointestinal,faecal-oral
611759,ssRNA(+),low level,sustained human-to-human,gastrointestinal,faecal-oral
611761,ssRNA(+),low level,sustained human-to-human,gastrointestinal,faecal-oral
611762,ssRNA(+),low level,sustained human-to-human,gastrointestinal,faecal-oral
611763,ssRNA(+),low level,sustained human-to-human,gastrointestinal,faecal-oral
611764,ssRNA(+),low level,sustained human-to-human,gastrointestinal,faecal-oral
630716,ssRNA(+),low level,sustained human-to-human,gastrointestinal,faecal-oral
630718,ssRNA(+),low level,sustained human-to-human,gastrointestinal,faecal-oral
631345,ssRNA(+),low level,sustained human-to-human,gastrointestinal,faecal-oral
641884,ssRNA(-),low level,no human-to-human,gastrointestinal,faecal-oral
64318,ssRNA(+),low level,sustained human-to-human,gastrointestinal,faecal-oral
644610,ssRNA(-),low level,no human-to-human,gastrointestinal,faecal-oral
646294,ssRNA(+),low level,sustained human-to-human,gastrointestinal,faecal-oral
647367,ssRNA(+),low level,sustained human-to-human,gastrointestinal,faecal-oral
647369,ssRNA(+),low level,sustained human-to-human,gastrointestinal,faecal-oral
647372,ssRNA(+),low level,sustained human-to-human,gastrointestinal,faecal-oral
647374,ssRNA(+),low level,sustained human-to-human,gastrointestinal,faecal-oral
650036,ssRNA(-),high level,no human-to-human,viraemic,respiratory
658667,ssRNA(+),low level,sustained human-to-human,gastrointestinal,faecal-oral
659265,ssRNA(+),low level,sustained human-to-human,gastrointestinal,faecal-oral
682383,ssRNA(+),low level,sustained human-to-human,gastrointestinal,faecal-oral
682384,ssRNA(+),low level,sustained human-to-human,gastrointestinal,faecal-oral
688450,ssRNA(+),low level,sustained human-to-human,gastrointestinal,faecal-oral
688451,ssRNA(+),low level,sustained human-to-human,gastrointestinal,faecal-oral
688452,ssRNA(+),low level,sustained human-to-human,gastrointestinal,faecal-oral
688453,ssRNA(+),low level,sustained human-to-human,gastrointestinal,faecal-oral
688454,ssRNA(+),low level,sustained human-to-human,gastrointestinal,faecal-oral
688456,ssRNA(+),low level,sustained human-to-human,gastrointestinal,faecal-oral
688457,ssRNA(+),low level,sustained human-to-human,gastrointestinal,faecal-oral
688459,ssRNA(+),low level,sustained human-to-human,gastrointestinal,faecal-oral
688461,ssRNA(+),low level,sustained human-to-human,gastrointestinal,faecal-oral
688462,ssRNA(+),low level,sustained human-to-human,gastrointestinal,faecal-oral
688463,ssRNA(+),low level,sustained human-to-human,gastrointestinal,faecal-oral
688464,ssRNA(+),low level,sustained human-to-human,gastrointestinal,faecal-oral
688466,ssRNA(+),low level,sustained human-to-human,gastrointestinal,faecal-oral
694015,ssRNA(+),low level,sustained human-to-human,gastrointestinal,faecal-oral
741955,ssRNA(+),low level,sustained human-to-human,gastrointestinal,faecal-oral
741956,ssRNA(+),low level,sustained human-to-human,gastrointestinal,faecal-oral
741957,ssRNA(+),low level,sustained human-to-human,gastrointestinal,faecal-oral
741958,ssRNA(+),low level,sustained human-to-human,gastrointestinal,faecal-oral
741959,ssRNA(+),low level,sustained human-to-human,gastrointestinal,faecal-oral
741960,ssRNA(+),low level,sustained human-to-human,gastrointestinal,faecal-oral
764239,ssRNA(+),low level,sustained human-to-human,gastrointestinal,faecal-oral
764243,ssRNA(+),low level,sustained human-to-human,gastrointestinal,faecal-oral
764252,ssRNA(+),low level,sustained human-to-human,gastrointestinal,faecal-oral
764266,ssRNA(+),low level,sustained human-to-human,gastrointestinal,faecal-oral
764267,ssRNA(+),low level,sustained human-to-human,gastrointestinal,faecal-oral
764268,ssRNA(+),low level,sustained human-to-human,gastrointestinal,faecal-oral
858567,ssRNA(+),low level,sustained human-to-human,gastrointestinal,faecal-oral
858568,ssRNA(+),low level,sustained human-to-human,gastrointestinal,faecal-oral
858571,ssRNA(+),low level,sustained human-to-human,gastrointestinal,faecal-oral
858573,ssRNA(+),low level,sustained human-to-human,gastrointestinal,faecal-oral
862167,dsRNA,low level,sustained human-to-human,gastrointestinal,faecal-oral
862168,dsRNA,low level,sustained human-to-human,gastrointestinal,faecal-oral
862169,dsRNA,low level,sustained human-to-human,gastrointestinal,faecal-oral
862170,dsRNA,low level,sustained human-to-human,gastrointestinal,faecal-oral
862171,dsRNA,low level,sustained human-to-human,gastrointestinal,faecal-oral
862172,dsRNA,low level,sustained human-to-human,gastrointestinal,faecal-oral
862173,dsRNA,low level,sustained human-to-human,gastrointestinal,faecal-oral
862174,dsRNA,low level,sustained human-to-human,gastrointestinal,faecal-oral
862175,dsRNA,low level,sustained human-to-human,gastrointestinal,faecal-oral
862176,dsRNA,low level,sustained human-to-human,gastrointestinal,faecal-oral
862177,dsRNA,low level,sustained human-to-human,gastrointestinal,faecal-oral
862178,dsRNA,low level,sustained human-to-human,gastrointestinal,faecal-oral
862179,dsRNA,low level,sustained human-to-human,gastrointestinal,faecal-oral
862180,dsRNA,low level,sustained human-to-human,gastrointestinal,faecal-oral
862181,dsRNA,low level,sustained human-to-human,gastrointestinal,faecal-oral
862182,dsRNA,low level,sustained human-to-human,gastrointestinal,faecal-oral
862183,dsRNA,low level,sustained human-to-human,gastrointestinal,faecal-oral
864560,ssRNA(+),low level,sustained human-to-human,gastrointestinal,faecal-oral
864623,dsRNA,low level,sustained human-to-human,gastrointestinal,faecal-oral
864624,dsRNA,low level,sustained human-to-human,gastrointestinal,faecal-oral
871260,ssRNA(+),low level,sustained human-to-human,gastrointestinal,faecal-oral
934413,ssRNA(-),low level,sustained human-to-human,gastrointestinal,faecal-oral
937784,ssRNA(-),high level,sustained human-to-human,other,respiratory
941285,ssRNA(+),low level,sustained human-to-human,gastrointestinal,faecal-oral
941292,ssRNA(+),low level,sustained human-to-human,gastrointestinal,faecal-oral
941293,ssRNA(+),low level,sustained human-to-human,gastrointestinal,faecal-oral
941305,ssRNA(+),low level,sustained human-to-human,gastrointestinal,faecal-oral
941317,ssRNA(+),low level,sustained human-to-human,gastrointestinal,faecal-oral
999535,ssRNA(+/-),low level,sustained human-to-human,gastrointestinal,faecal-oral
